region,area,year,series,value
1,World,2005,Gross domestic expenditure on R&D: as a percentage of GDP,1.5
1,World,2005,Researchers per million inhabitants (FTE),907.2
1,World,2010,Gross domestic expenditure on R&D: as a percentage of GDP,1.6
1,World,2010,Researchers per million inhabitants (FTE),1022.1
1,World,2015,Gross domestic expenditure on R&D: as a percentage of GDP,1.7
1,World,2015,Researchers per million inhabitants (FTE),1160.0
1,World,2020,Gross domestic expenditure on R&D: as a percentage of GDP,1.9
1,World,2020,Researchers per million inhabitants (FTE),1341.8
15,Northern Africa,2005,Gross domestic expenditure on R&D: as a percentage of GDP,0.3
15,Northern Africa,2005,Researchers per million inhabitants (FTE),472.9
15,Northern Africa,2010,Gross domestic expenditure on R&D: as a percentage of GDP,0.4
15,Northern Africa,2010,Researchers per million inhabitants (FTE),500.9
15,Northern Africa,2015,Gross domestic expenditure on R&D: as a percentage of GDP,0.6
15,Northern Africa,2015,Researchers per million inhabitants (FTE),691.9
15,Northern Africa,2020,Gross domestic expenditure on R&D: as a percentage of GDP,0.8
15,Northern Africa,2020,Researchers per million inhabitants (FTE),771.1
202,Sub-Saharan Africa,2005,Gross domestic expenditure on R&D: as a percentage of GDP,0.3
202,Sub-Saharan Africa,2005,Researchers per million inhabitants (FTE),70.7
202,Sub-Saharan Africa,2010,Gross domestic expenditure on R&D: as a percentage of GDP,0.3
202,Sub-Saharan Africa,2010,Researchers per million inhabitants (FTE),81.1
202,Sub-Saharan Africa,2015,Gross domestic expenditure on R&D: as a percentage of GDP,0.3
202,Sub-Saharan Africa,2015,Researchers per million inhabitants (FTE),93.9
202,Sub-Saharan Africa,2020,Gross domestic expenditure on R&D: as a percentage of GDP,0.3
202,Sub-Saharan Africa,2020,Researchers per million inhabitants (FTE),97.9
21,Northern America,2005,Gross domestic expenditure on R&D: as a percentage of GDP,2.5
21,Northern America,2005,Researchers per million inhabitants (FTE),3788.6
21,Northern America,2010,Gross domestic expenditure on R&D: as a percentage of GDP,2.7
21,Northern America,2010,Researchers per million inhabitants (FTE),3957.9
21,Northern America,2015,Gross domestic expenditure on R&D: as a percentage of GDP,2.7
21,Northern America,2015,Researchers per million inhabitants (FTE),4294.2
21,Northern America,2020,Gross domestic expenditure on R&D: as a percentage of GDP,3.3
21,Northern America,2020,Researchers per million inhabitants (FTE),4788.6
419,Latin America and the Caribbean,2005,Gross domestic expenditure on R&D: as a percentage of GDP,0.6
419,Latin America and the Caribbean,2005,Researchers per million inhabitants (FTE),357.4
419,Latin America and the Caribbean,2010,Gross domestic expenditure on R&D: as a percentage of GDP,0.7
419,Latin America and the Caribbean,2010,Researchers per million inhabitants (FTE),430.3
419,Latin America and the Caribbean,2015,Gross domestic expenditure on R&D: as a percentage of GDP,0.7
419,Latin America and the Caribbean,2015,Researchers per million inhabitants (FTE),526.8
419,Latin America and the Caribbean,2020,Gross domestic expenditure on R&D: as a percentage of GDP,0.6
419,Latin America and the Caribbean,2020,Researchers per million inhabitants (FTE),613.5
143,Central Asia,2005,Gross domestic expenditure on R&D: as a percentage of GDP,0.3
143,Central Asia,2005,Researchers per million inhabitants (FTE),458.3
143,Central Asia,2010,Gross domestic expenditure on R&D: as a percentage of GDP,0.2
143,Central Asia,2010,Researchers per million inhabitants (FTE),391.0
143,Central Asia,2015,Gross domestic expenditure on R&D: as a percentage of GDP,0.2
143,Central Asia,2015,Researchers per million inhabitants (FTE),496.1
143,Central Asia,2020,Gross domestic expenditure on R&D: as a percentage of GDP,0.1
143,Central Asia,2020,Researchers per million inhabitants (FTE),440.1
30,Eastern Asia,2005,Gross domestic expenditure on R&D: as a percentage of GDP,2.0
30,Eastern Asia,2005,Researchers per million inhabitants (FTE),1079.2
30,Eastern Asia,2010,Gross domestic expenditure on R&D: as a percentage of GDP,2.2
30,Eastern Asia,2010,Researchers per million inhabitants (FTE),1390.6
30,Eastern Asia,2015,Gross domestic expenditure on R&D: as a percentage of GDP,2.4
30,Eastern Asia,2015,Researchers per million inhabitants (FTE),1678.1
30,Eastern Asia,2020,Gross domestic expenditure on R&D: as a percentage of GDP,2.7
30,Eastern Asia,2020,Researchers per million inhabitants (FTE),2131.0
62,South-central Asia,2005,Researchers per million inhabitants (FTE),150.7
62,South-central Asia,2010,Researchers per million inhabitants (FTE),174.7
62,South-central Asia,2015,Researchers per million inhabitants (FTE),237.6
62,South-central Asia,2020,Researchers per million inhabitants (FTE),308.1
35,South-eastern Asia,2005,Gross domestic expenditure on R&D: as a percentage of GDP,0.6
35,South-eastern Asia,2005,Researchers per million inhabitants (FTE),376.3
35,South-eastern Asia,2010,Gross domestic expenditure on R&D: as a percentage of GDP,0.7
35,South-eastern Asia,2010,Researchers per million inhabitants (FTE),533.9
35,South-eastern Asia,2015,Gross domestic expenditure on R&D: as a percentage of GDP,0.9
35,South-eastern Asia,2015,Researchers per million inhabitants (FTE),673.0
35,South-eastern Asia,2020,Gross domestic expenditure on R&D: as a percentage of GDP,1.0
35,South-eastern Asia,2020,Researchers per million inhabitants (FTE),883.5
34,Southern Asia,2005,Gross domestic expenditure on R&D: as a percentage of GDP,0.7
34,Southern Asia,2005,Researchers per million inhabitants (FTE),139.4
34,Southern Asia,2010,Gross domestic expenditure on R&D: as a percentage of GDP,0.7
34,Southern Asia,2010,Researchers per million inhabitants (FTE),166.7
34,Southern Asia,2015,Gross domestic expenditure on R&D: as a percentage of GDP,0.6
34,Southern Asia,2015,Researchers per million inhabitants (FTE),227.9
34,Southern Asia,2020,Gross domestic expenditure on R&D: as a percentage of GDP,0.6
34,Southern Asia,2020,Researchers per million inhabitants (FTE),303.1
145,Western Asia,2005,Gross domestic expenditure on R&D: as a percentage of GDP,0.7
145,Western Asia,2005,Researchers per million inhabitants (FTE),644.1
145,Western Asia,2010,Gross domestic expenditure on R&D: as a percentage of GDP,0.7
145,Western Asia,2010,Researchers per million inhabitants (FTE),731.5
145,Western Asia,2015,Gross domestic expenditure on R&D: as a percentage of GDP,0.8
145,Western Asia,2015,Researchers per million inhabitants (FTE),912.5
145,Western Asia,2020,Gross domestic expenditure on R&D: as a percentage of GDP,0.9
145,Western Asia,2020,Researchers per million inhabitants (FTE),1131.8
150,Europe,2005,Gross domestic expenditure on R&D: as a percentage of GDP,1.6
150,Europe,2005,Researchers per million inhabitants (FTE),2733.3
150,Europe,2010,Gross domestic expenditure on R&D: as a percentage of GDP,1.7
150,Europe,2010,Researchers per million inhabitants (FTE),2986.3
150,Europe,2015,Gross domestic expenditure on R&D: as a percentage of GDP,1.8
150,Europe,2015,Researchers per million inhabitants (FTE),3313.7
150,Europe,2020,Gross domestic expenditure on R&D: as a percentage of GDP,2.0
150,Europe,2020,Researchers per million inhabitants (FTE),3704.2
9,Oceania,2005,Gross domestic expenditure on R&D: as a percentage of GDP,1.8
9,Oceania,2005,Researchers per million inhabitants (FTE),2927.9
9,Oceania,2010,Gross domestic expenditure on R&D: as a percentage of GDP,2.2
9,Oceania,2010,Researchers per million inhabitants (FTE),3208.4
9,Oceania,2015,Gross domestic expenditure on R&D: as a percentage of GDP,1.8
9,Oceania,2015,Researchers per million inhabitants (FTE),3566.4
9,Oceania,2020,Gross domestic expenditure on R&D: as a percentage of GDP,1.7
9,Oceania,2020,Researchers per million inhabitants (FTE),3522.5
53,Australia and New Zealand,2005,Gross domestic expenditure on R&D: as a percentage of GDP,1.9
53,Australia and New Zealand,2005,Researchers per million inhabitants (FTE),3991.7
53,Australia and New Zealand,2010,Gross domestic expenditure on R&D: as a percentage of GDP,2.2
53,Australia and New Zealand,2010,Researchers per million inhabitants (FTE),4396.3
53,Australia and New Zealand,2015,Gross domestic expenditure on R&D: as a percentage of GDP,1.8
53,Australia and New Zealand,2015,Researchers per million inhabitants (FTE),4916.5
53,Australia and New Zealand,2020,Gross domestic expenditure on R&D: as a percentage of GDP,1.8
53,Australia and New Zealand,2020,Researchers per million inhabitants (FTE),4894.2
8,Albania,2008,Gross domestic expenditure on R&D: as a percentage of GDP,0.2
8,Albania,2008,Researchers per million inhabitants (FTE),155.5
12,Algeria,2005,Gross domestic expenditure on R&D: as a percentage of GDP,0.1
12,Algeria,2005,Researchers per million inhabitants (FTE),168.7
12,Algeria,2017,Gross domestic expenditure on R&D: as a percentage of GDP,0.5
12,Algeria,2017,Researchers per million inhabitants (FTE),819.3
16,American Samoa,2005,Gross domestic expenditure on R&D: as a percentage of GDP,0.4
16,American Samoa,2005,Researchers per million inhabitants (FTE),100.7
16,American Samoa,2006,Gross domestic expenditure on R&D: as a percentage of GDP,0.4
24,Angola,2011,Researchers per million inhabitants (FTE),47.5
24,Angola,2016,Gross domestic expenditure on R&D: as a percentage of GDP,0.0
24,Angola,2016,Researchers per million inhabitants (FTE),18.8
32,Argentina,2005,Gross domestic expenditure on R&D: as a percentage of GDP,0.4
32,Argentina,2005,Researchers per million inhabitants (FTE),819.4
32,Argentina,2010,Gross domestic expenditure on R&D: as a percentage of GDP,0.6
32,Argentina,2010,Researchers per million inhabitants (FTE),1123.8
32,Argentina,2015,Gross domestic expenditure on R&D: as a percentage of GDP,0.6
32,Argentina,2015,Researchers per million inhabitants (FTE),1230.5
32,Argentina,2020,Gross domestic expenditure on R&D: as a percentage of GDP,0.5
32,Argentina,2020,Researchers per million inhabitants (FTE),1236.9
51,Armenia,2005,Gross domestic expenditure on R&D: as a percentage of GDP,0.3
51,Armenia,2010,Gross domestic expenditure on R&D: as a percentage of GDP,0.2
51,Armenia,2015,Gross domestic expenditure on R&D: as a percentage of GDP,0.3
51,Armenia,2021,Gross domestic expenditure on R&D: as a percentage of GDP,0.2
36,Australia,2004,Researchers per million inhabitants (FTE),4084.2
36,Australia,2010,Gross domestic expenditure on R&D: as a percentage of GDP,2.4
36,Australia,2010,Researchers per million inhabitants (FTE),4532.4
36,Australia,2015,Gross domestic expenditure on R&D: as a percentage of GDP,1.9
36,Australia,2019,Gross domestic expenditure on R&D: as a percentage of GDP,1.8
40,Austria,2005,Gross domestic expenditure on R&D: as a percentage of GDP,2.4
40,Austria,2005,Researchers per million inhabitants (FTE),3449.3
40,Austria,2010,Gross domestic expenditure on R&D: as a percentage of GDP,2.7
40,Austria,2010,Researchers per million inhabitants (FTE),4349.7
40,Austria,2015,Gross domestic expenditure on R&D: as a percentage of GDP,3.0
40,Austria,2015,Researchers per million inhabitants (FTE),5019.4
40,Austria,2020,Gross domestic expenditure on R&D: as a percentage of GDP,3.2
40,Austria,2020,Researchers per million inhabitants (FTE),5751.3
31,Azerbaijan,2005,Gross domestic expenditure on R&D: as a percentage of GDP,0.2
31,Azerbaijan,2010,Gross domestic expenditure on R&D: as a percentage of GDP,0.2
31,Azerbaijan,2015,Gross domestic expenditure on R&D: as a percentage of GDP,0.2
31,Azerbaijan,2021,Gross domestic expenditure on R&D: as a percentage of GDP,0.2
31,Azerbaijan,2021,Researchers per million inhabitants (FTE),1741.1
48,Bahrain,2014,Gross domestic expenditure on R&D: as a percentage of GDP,0.1
48,Bahrain,2014,Researchers per million inhabitants (FTE),369.0
112,Belarus,2005,Gross domestic expenditure on R&D: as a percentage of GDP,0.7
112,Belarus,2010,Gross domestic expenditure on R&D: as a percentage of GDP,0.7
112,Belarus,2015,Gross domestic expenditure on R&D: as a percentage of GDP,0.5
112,Belarus,2021,Gross domestic expenditure on R&D: as a percentage of GDP,0.5
112,Belarus,2021,Researchers per million inhabitants (FTE),1417.7
56,Belgium,2005,Gross domestic expenditure on R&D: as a percentage of GDP,1.8
56,Belgium,2005,Researchers per million inhabitants (FTE),3142.7
56,Belgium,2010,Gross domestic expenditure on R&D: as a percentage of GDP,2.1
56,Belgium,2010,Researchers per million inhabitants (FTE),3732.8
56,Belgium,2015,Gross domestic expenditure on R&D: as a percentage of GDP,2.4
56,Belgium,2015,Researchers per million inhabitants (FTE),4711.0
56,Belgium,2020,Gross domestic expenditure on R&D: as a percentage of GDP,3.5
56,Belgium,2020,Researchers per million inhabitants (FTE),5750.1
60,Bermuda,2010,Gross domestic expenditure on R&D: as a percentage of GDP,0.2
60,Bermuda,2015,Gross domestic expenditure on R&D: as a percentage of GDP,0.2
60,Bermuda,2020,Gross domestic expenditure on R&D: as a percentage of GDP,0.2
68,Bolivia,2002,Researchers per million inhabitants (FTE),119.0
68,Bolivia,2009,Gross domestic expenditure on R&D: as a percentage of GDP,0.2
68,Bolivia,2009,Researchers per million inhabitants (FTE),143.9
68,Bolivia,2010,Researchers per million inhabitants (FTE),163.8
70,Bosnia and Herzegovina,2005,Gross domestic expenditure on R&D: as a percentage of GDP,0.0
70,Bosnia and Herzegovina,2005,Researchers per million inhabitants (FTE),67.1
70,Bosnia and Herzegovina,2007,Gross domestic expenditure on R&D: as a percentage of GDP,0.0
70,Bosnia and Herzegovina,2007,Researchers per million inhabitants (FTE),198.0
70,Bosnia and Herzegovina,2009,Gross domestic expenditure on R&D: as a percentage of GDP,0.0
70,Bosnia and Herzegovina,2015,Gross domestic expenditure on R&D: as a percentage of GDP,0.2
70,Bosnia and Herzegovina,2015,Researchers per million inhabitants (FTE),365.2
70,Bosnia and Herzegovina,2021,Gross domestic expenditure on R&D: as a percentage of GDP,0.2
70,Bosnia and Herzegovina,2021,Researchers per million inhabitants (FTE),447.2
72,Botswana,2005,Gross domestic expenditure on R&D: as a percentage of GDP,0.5
72,Botswana,2013,Gross domestic expenditure on R&D: as a percentage of GDP,0.6
72,Botswana,2013,Researchers per million inhabitants (FTE),185.2
76,Brazil,2005,Gross domestic expenditure on R&D: as a percentage of GDP,1.0
76,Brazil,2005,Researchers per million inhabitants (FTE),509.0
76,Brazil,2010,Gross domestic expenditure on R&D: as a percentage of GDP,1.2
76,Brazil,2010,Researchers per million inhabitants (FTE),686.1
76,Brazil,2014,Gross domestic expenditure on R&D: as a percentage of GDP,1.3
76,Brazil,2014,Researchers per million inhabitants (FTE),887.7
76,Brazil,2015,Gross domestic expenditure on R&D: as a percentage of GDP,1.4
76,Brazil,2020,Gross domestic expenditure on R&D: as a percentage of GDP,1.2
96,Brunei,2004,Researchers per million inhabitants (FTE),283.5
96,Brunei,2018,Gross domestic expenditure on R&D: as a percentage of GDP,0.3
100,Bulgaria,2005,Gross domestic expenditure on R&D: as a percentage of GDP,0.4
100,Bulgaria,2005,Researchers per million inhabitants (FTE),1307.8
100,Bulgaria,2010,Gross domestic expenditure on R&D: as a percentage of GDP,0.6
100,Bulgaria,2010,Researchers per million inhabitants (FTE),1478.7
100,Bulgaria,2015,Gross domestic expenditure on R&D: as a percentage of GDP,0.9
100,Bulgaria,2015,Researchers per million inhabitants (FTE),1977.3
100,Bulgaria,2020,Gross domestic expenditure on R&D: as a percentage of GDP,0.8
100,Bulgaria,2020,Researchers per million inhabitants (FTE),2402.1
854,Burkina Faso,2005,Gross domestic expenditure on R&D: as a percentage of GDP,0.2
854,Burkina Faso,2009,Gross domestic expenditure on R&D: as a percentage of GDP,0.2
854,Burkina Faso,2010,Researchers per million inhabitants (FTE),47.6
854,Burkina Faso,2014,Gross domestic expenditure on R&D: as a percentage of GDP,0.2
854,Burkina Faso,2021,Gross domestic expenditure on R&D: as a percentage of GDP,0.3
108,Burundi,2010,Gross domestic expenditure on R&D: as a percentage of GDP,0.1
108,Burundi,2012,Gross domestic expenditure on R&D: as a percentage of GDP,0.1
108,Burundi,2012,Researchers per million inhabitants (FTE),20.9
108,Burundi,2018,Gross domestic expenditure on R&D: as a percentage of GDP,0.2
108,Burundi,2018,Researchers per million inhabitants (FTE),23.4
132,Cabo Verde,2002,Researchers per million inhabitants (FTE),135.5
132,Cabo Verde,2011,Gross domestic expenditure on R&D: as a percentage of GDP,0.1
132,Cabo Verde,2011,Researchers per million inhabitants (FTE),50.1
132,Cabo Verde,2014,Researchers per million inhabitants (FTE),123.5
116,Cambodia,2002,Researchers per million inhabitants (FTE),17.6
116,Cambodia,2015,Gross domestic expenditure on R&D: as a percentage of GDP,0.1
116,Cambodia,2015,Researchers per million inhabitants (FTE),30.4
124,Canada,2005,Gross domestic expenditure on R&D: as a percentage of GDP,2.0
124,Canada,2005,Researchers per million inhabitants (FTE),4250.1
124,Canada,2010,Gross domestic expenditure on R&D: as a percentage of GDP,1.8
124,Canada,2010,Researchers per million inhabitants (FTE),4646.3
124,Canada,2015,Gross domestic expenditure on R&D: as a percentage of GDP,1.7
124,Canada,2015,Researchers per million inhabitants (FTE),4523.3
124,Canada,2018,Gross domestic expenditure on R&D: as a percentage of GDP,1.7
124,Canada,2018,Researchers per million inhabitants (FTE),4516.3
124,Canada,2020,Gross domestic expenditure on R&D: as a percentage of GDP,1.7
148,Chad,2016,Gross domestic expenditure on R&D: as a percentage of GDP,0.3
148,Chad,2016,Researchers per million inhabitants (FTE),57.9
152,Chile,2010,Gross domestic expenditure on R&D: as a percentage of GDP,0.3
152,Chile,2010,Researchers per million inhabitants (FTE),318.8
152,Chile,2015,Gross domestic expenditure on R&D: as a percentage of GDP,0.4
152,Chile,2015,Researchers per million inhabitants (FTE),455.0
152,Chile,2019,Gross domestic expenditure on R&D: as a percentage of GDP,0.3
152,Chile,2019,Researchers per million inhabitants (FTE),510.3
156,China,2005,Gross domestic expenditure on R&D: as a percentage of GDP,1.3
156,China,2005,Researchers per million inhabitants (FTE),840.6
156,China,2010,Gross domestic expenditure on R&D: as a percentage of GDP,1.7
156,China,2010,Researchers per million inhabitants (FTE),884.6
156,China,2015,Gross domestic expenditure on R&D: as a percentage of GDP,2.1
156,China,2015,Researchers per million inhabitants (FTE),1150.8
156,China,2020,Gross domestic expenditure on R&D: as a percentage of GDP,2.4
156,China,2020,Researchers per million inhabitants (FTE),1584.9
344,Hong Kong,2005,Gross domestic expenditure on R&D: as a percentage of GDP,0.8
344,Hong Kong,2005,Researchers per million inhabitants (FTE),2662.5
344,Hong Kong,2010,Gross domestic expenditure on R&D: as a percentage of GDP,0.7
344,Hong Kong,2010,Researchers per million inhabitants (FTE),3114.6
344,Hong Kong,2015,Gross domestic expenditure on R&D: as a percentage of GDP,0.8
344,Hong Kong,2015,Researchers per million inhabitants (FTE),3565.1
344,Hong Kong,2021,Gross domestic expenditure on R&D: as a percentage of GDP,1.0
344,Hong Kong,2021,Researchers per million inhabitants (FTE),4553.4
446,Macao,2005,Gross domestic expenditure on R&D: as a percentage of GDP,0.1
446,Macao,2005,Researchers per million inhabitants (FTE),616.1
446,Macao,2010,Gross domestic expenditure on R&D: as a percentage of GDP,0.1
446,Macao,2010,Researchers per million inhabitants (FTE),649.8
446,Macao,2015,Gross domestic expenditure on R&D: as a percentage of GDP,0.1
446,Macao,2015,Researchers per million inhabitants (FTE),1276.9
446,Macao,2021,Gross domestic expenditure on R&D: as a percentage of GDP,0.4
446,Macao,2021,Researchers per million inhabitants (FTE),4283.1
170,Colombia,2005,Gross domestic expenditure on R&D: as a percentage of GDP,0.2
170,Colombia,2010,Gross domestic expenditure on R&D: as a percentage of GDP,0.2
170,Colombia,2015,Gross domestic expenditure on R&D: as a percentage of GDP,0.4
170,Colombia,2015,Researchers per million inhabitants (FTE),69.5
170,Colombia,2017,Gross domestic expenditure on R&D: as a percentage of GDP,0.3
170,Colombia,2017,Researchers per million inhabitants (FTE),88.0
170,Colombia,2020,Gross domestic expenditure on R&D: as a percentage of GDP,0.3
178,Congo,2000,Researchers per million inhabitants (FTE),32.5
188,Costa Rica,2005,Researchers per million inhabitants (FTE),122.9
188,Costa Rica,2010,Gross domestic expenditure on R&D: as a percentage of GDP,0.5
188,Costa Rica,2010,Researchers per million inhabitants (FTE),381.9
188,Costa Rica,2015,Gross domestic expenditure on R&D: as a percentage of GDP,0.4
188,Costa Rica,2015,Researchers per million inhabitants (FTE),495.3
188,Costa Rica,2018,Gross domestic expenditure on R&D: as a percentage of GDP,0.4
188,Costa Rica,2018,Researchers per million inhabitants (FTE),345.0
384,Ivory Coast,2005,Researchers per million inhabitants (FTE),69.1
384,Ivory Coast,2016,Gross domestic expenditure on R&D: as a percentage of GDP,0.1
191,Croatia,2005,Gross domestic expenditure on R&D: as a percentage of GDP,0.8
191,Croatia,2005,Researchers per million inhabitants (FTE),1308.1
191,Croatia,2010,Gross domestic expenditure on R&D: as a percentage of GDP,0.7
191,Croatia,2010,Researchers per million inhabitants (FTE),1641.3
191,Croatia,2015,Gross domestic expenditure on R&D: as a percentage of GDP,0.8
191,Croatia,2015,Researchers per million inhabitants (FTE),1504.2
191,Croatia,2020,Gross domestic expenditure on R&D: as a percentage of GDP,1.2
191,Croatia,2020,Researchers per million inhabitants (FTE),2219.8
192,Cuba,2005,Gross domestic expenditure on R&D: as a percentage of GDP,0.5
192,Cuba,2010,Gross domestic expenditure on R&D: as a percentage of GDP,0.6
192,Cuba,2015,Gross domestic expenditure on R&D: as a percentage of GDP,0.4
192,Cuba,2020,Gross domestic expenditure on R&D: as a percentage of GDP,0.5
196,Cyprus,2005,Gross domestic expenditure on R&D: as a percentage of GDP,0.4
196,Cyprus,2005,Researchers per million inhabitants (FTE),916.7
196,Cyprus,2010,Gross domestic expenditure on R&D: as a percentage of GDP,0.4
196,Cyprus,2010,Researchers per million inhabitants (FTE),1077.7
196,Cyprus,2015,Gross domestic expenditure on R&D: as a percentage of GDP,0.5
196,Cyprus,2015,Researchers per million inhabitants (FTE),1009.1
196,Cyprus,2020,Gross domestic expenditure on R&D: as a percentage of GDP,0.8
196,Cyprus,2020,Researchers per million inhabitants (FTE),1690.8
203,Czechia,2005,Gross domestic expenditure on R&D: as a percentage of GDP,1.2
203,Czechia,2005,Researchers per million inhabitants (FTE),2356.1
203,Czechia,2010,Gross domestic expenditure on R&D: as a percentage of GDP,1.3
203,Czechia,2010,Researchers per million inhabitants (FTE),2774.0
203,Czechia,2015,Gross domestic expenditure on R&D: as a percentage of GDP,1.9
203,Czechia,2015,Researchers per million inhabitants (FTE),3592.1
203,Czechia,2020,Gross domestic expenditure on R&D: as a percentage of GDP,2.0
203,Czechia,2020,Researchers per million inhabitants (FTE),4127.9
180,Democratic Republic of the Congo,2005,Gross domestic expenditure on R&D: as a percentage of GDP,0.1
180,Democratic Republic of the Congo,2009,Gross domestic expenditure on R&D: as a percentage of GDP,0.1
180,Democratic Republic of the Congo,2015,Gross domestic expenditure on R&D: as a percentage of GDP,0.4
180,Democratic Republic of the Congo,2015,Researchers per million inhabitants (FTE),10.6
208,Denmark,2005,Gross domestic expenditure on R&D: as a percentage of GDP,2.4
208,Denmark,2005,Researchers per million inhabitants (FTE),5197.4
208,Denmark,2010,Gross domestic expenditure on R&D: as a percentage of GDP,2.9
208,Denmark,2010,Researchers per million inhabitants (FTE),6739.2
208,Denmark,2015,Gross domestic expenditure on R&D: as a percentage of GDP,3.1
208,Denmark,2015,Researchers per million inhabitants (FTE),7528.3
208,Denmark,2020,Gross domestic expenditure on R&D: as a percentage of GDP,3.0
208,Denmark,2020,Researchers per million inhabitants (FTE),7691.9
218,Ecuador,2003,Researchers per million inhabitants (FTE),48.2
218,Ecuador,2010,Gross domestic expenditure on R&D: as a percentage of GDP,0.4
218,Ecuador,2010,Researchers per million inhabitants (FTE),140.6
218,Ecuador,2014,Gross domestic expenditure on R&D: as a percentage of GDP,0.4
218,Ecuador,2014,Researchers per million inhabitants (FTE),399.5
818,Egypt,2005,Gross domestic expenditure on R&D: as a percentage of GDP,0.2
818,Egypt,2010,Gross domestic expenditure on R&D: as a percentage of GDP,0.4
818,Egypt,2010,Researchers per million inhabitants (FTE),492.4
818,Egypt,2015,Gross domestic expenditure on R&D: as a percentage of GDP,0.7
818,Egypt,2015,Researchers per million inhabitants (FTE),672.9
818,Egypt,2021,Gross domestic expenditure on R&D: as a percentage of GDP,1.0
818,Egypt,2021,Researchers per million inhabitants (FTE),854.3
222,El Salvador,2010,Gross domestic expenditure on R&D: as a percentage of GDP,0.1
222,El Salvador,2015,Gross domestic expenditure on R&D: as a percentage of GDP,0.1
222,El Salvador,2015,Researchers per million inhabitants (FTE),63.2
222,El Salvador,2019,Gross domestic expenditure on R&D: as a percentage of GDP,0.2
222,El Salvador,2019,Researchers per million inhabitants (FTE),73.0
222,El Salvador,2020,Gross domestic expenditure on R&D: as a percentage of GDP,0.2
233,Estonia,2005,Gross domestic expenditure on R&D: as a percentage of GDP,0.9
233,Estonia,2005,Researchers per million inhabitants (FTE),2457.1
233,Estonia,2010,Gross domestic expenditure on R&D: as a percentage of GDP,1.6
233,Estonia,2010,Researchers per million inhabitants (FTE),3060.6
233,Estonia,2015,Gross domestic expenditure on R&D: as a percentage of GDP,1.5
233,Estonia,2015,Researchers per million inhabitants (FTE),3183.2
233,Estonia,2020,Gross domestic expenditure on R&D: as a percentage of GDP,1.8
233,Estonia,2020,Researchers per million inhabitants (FTE),3846.1
748,Eswatini,2015,Gross domestic expenditure on R&D: as a percentage of GDP,0.3
748,Eswatini,2015,Researchers per million inhabitants (FTE),142.3
231,Ethiopia,2005,Gross domestic expenditure on R&D: as a percentage of GDP,0.2
231,Ethiopia,2005,Researchers per million inhabitants (FTE),21.1
231,Ethiopia,2010,Gross domestic expenditure on R&D: as a percentage of GDP,0.2
231,Ethiopia,2010,Researchers per million inhabitants (FTE),42.2
231,Ethiopia,2013,Gross domestic expenditure on R&D: as a percentage of GDP,0.6
231,Ethiopia,2013,Researchers per million inhabitants (FTE),44.7
231,Ethiopia,2017,Gross domestic expenditure on R&D: as a percentage of GDP,0.3
231,Ethiopia,2017,Researchers per million inhabitants (FTE),90.5
234,Faroe Islands,2003,Researchers per million inhabitants (FTE),1813.1
246,Finland,2005,Gross domestic expenditure on R&D: as a percentage of GDP,3.3
246,Finland,2005,Researchers per million inhabitants (FTE),7526.6
246,Finland,2010,Gross domestic expenditure on R&D: as a percentage of GDP,3.7
246,Finland,2010,Researchers per million inhabitants (FTE),7720.2
246,Finland,2015,Gross domestic expenditure on R&D: as a percentage of GDP,2.9
246,Finland,2015,Researchers per million inhabitants (FTE),6844.5
246,Finland,2020,Gross domestic expenditure on R&D: as a percentage of GDP,2.9
246,Finland,2020,Researchers per million inhabitants (FTE),7527.4
250,France,2005,Gross domestic expenditure on R&D: as a percentage of GDP,2.1
250,France,2005,Researchers per million inhabitants (FTE),3313.3
250,France,2010,Gross domestic expenditure on R&D: as a percentage of GDP,2.2
250,France,2010,Researchers per million inhabitants (FTE),3873.0
250,France,2015,Gross domestic expenditure on R&D: as a percentage of GDP,2.2
250,France,2015,Researchers per million inhabitants (FTE),4336.0
250,France,2020,Gross domestic expenditure on R&D: as a percentage of GDP,2.3
250,France,2020,Researchers per million inhabitants (FTE),4926.2
266,Gabon,2009,Gross domestic expenditure on R&D: as a percentage of GDP,0.6
270,Gambia,2009,Gross domestic expenditure on R&D: as a percentage of GDP,0.0
270,Gambia,2009,Researchers per million inhabitants (FTE),102.9
270,Gambia,2011,Gross domestic expenditure on R&D: as a percentage of GDP,0.1
270,Gambia,2011,Researchers per million inhabitants (FTE),31.7
270,Gambia,2018,Gross domestic expenditure on R&D: as a percentage of GDP,0.1
270,Gambia,2018,Researchers per million inhabitants (FTE),52.9
268,Georgia,2005,Gross domestic expenditure on R&D: as a percentage of GDP,0.2
268,Georgia,2015,Gross domestic expenditure on R&D: as a percentage of GDP,0.3
268,Georgia,2015,Researchers per million inhabitants (FTE),1280.5
268,Georgia,2021,Gross domestic expenditure on R&D: as a percentage of GDP,0.3
268,Georgia,2021,Researchers per million inhabitants (FTE),1623.7
276,Germany,2005,Gross domestic expenditure on R&D: as a percentage of GDP,2.4
276,Germany,2005,Researchers per million inhabitants (FTE),3335.0
276,Germany,2010,Gross domestic expenditure on R&D: as a percentage of GDP,2.7
276,Germany,2010,Researchers per million inhabitants (FTE),4058.0
276,Germany,2015,Gross domestic expenditure on R&D: as a percentage of GDP,2.9
276,Germany,2015,Researchers per million inhabitants (FTE),4743.8
276,Germany,2020,Gross domestic expenditure on R&D: as a percentage of GDP,3.1
276,Germany,2020,Researchers per million inhabitants (FTE),5393.1
288,Ghana,2010,Gross domestic expenditure on R&D: as a percentage of GDP,0.4
288,Ghana,2010,Researchers per million inhabitants (FTE),38.0
288,Ghana,2015,Researchers per million inhabitants (FTE),89.1
300,Greece,2005,Gross domestic expenditure on R&D: as a percentage of GDP,0.6
300,Greece,2005,Researchers per million inhabitants (FTE),1745.5
300,Greece,2007,Gross domestic expenditure on R&D: as a percentage of GDP,0.6
300,Greece,2007,Researchers per million inhabitants (FTE),1889.7
300,Greece,2010,Gross domestic expenditure on R&D: as a percentage of GDP,0.6
300,Greece,2015,Gross domestic expenditure on R&D: as a percentage of GDP,1.0
300,Greece,2015,Researchers per million inhabitants (FTE),3256.0
300,Greece,2020,Gross domestic expenditure on R&D: as a percentage of GDP,1.5
300,Greece,2020,Researchers per million inhabitants (FTE),4010.3
304,Greenland,2004,Researchers per million inhabitants (FTE),701.7
316,Guam,2005,Gross domestic expenditure on R&D: as a percentage of GDP,0.3
316,Guam,2005,Researchers per million inhabitants (FTE),303.0
320,Guatemala,2005,Gross domestic expenditure on R&D: as a percentage of GDP,0.0
320,Guatemala,2005,Researchers per million inhabitants (FTE),29.6
320,Guatemala,2010,Gross domestic expenditure on R&D: as a percentage of GDP,0.0
320,Guatemala,2010,Researchers per million inhabitants (FTE),24.8
320,Guatemala,2015,Gross domestic expenditure on R&D: as a percentage of GDP,0.0
320,Guatemala,2015,Researchers per million inhabitants (FTE),22.2
320,Guatemala,2021,Gross domestic expenditure on R&D: as a percentage of GDP,0.1
320,Guatemala,2021,Researchers per million inhabitants (FTE),13.9
340,Honduras,2015,Gross domestic expenditure on R&D: as a percentage of GDP,0.0
340,Honduras,2015,Researchers per million inhabitants (FTE),22.4
340,Honduras,2019,Gross domestic expenditure on R&D: as a percentage of GDP,0.1
340,Honduras,2019,Researchers per million inhabitants (FTE),189.9
348,Hungary,2005,Gross domestic expenditure on R&D: as a percentage of GDP,0.9
348,Hungary,2005,Researchers per million inhabitants (FTE),1574.3
348,Hungary,2010,Gross domestic expenditure on R&D: as a percentage of GDP,1.1
348,Hungary,2010,Researchers per million inhabitants (FTE),2149.8
348,Hungary,2015,Gross domestic expenditure on R&D: as a percentage of GDP,1.3
348,Hungary,2015,Researchers per million inhabitants (FTE),2589.1
348,Hungary,2020,Gross domestic expenditure on R&D: as a percentage of GDP,1.6
348,Hungary,2020,Researchers per million inhabitants (FTE),4357.9
352,Iceland,2005,Gross domestic expenditure on R&D: as a percentage of GDP,2.7
352,Iceland,2005,Researchers per million inhabitants (FTE),7305.3
352,Iceland,2009,Gross domestic expenditure on R&D: as a percentage of GDP,2.6
352,Iceland,2009,Researchers per million inhabitants (FTE),7926.0
352,Iceland,2015,Gross domestic expenditure on R&D: as a percentage of GDP,2.2
352,Iceland,2015,Researchers per million inhabitants (FTE),5887.9
352,Iceland,2018,Gross domestic expenditure on R&D: as a percentage of GDP,2.0
352,Iceland,2018,Researchers per million inhabitants (FTE),6088.3
352,Iceland,2020,Gross domestic expenditure on R&D: as a percentage of GDP,2.5
356,India,2005,Gross domestic expenditure on R&D: as a percentage of GDP,0.8
356,India,2005,Researchers per million inhabitants (FTE),134.9
356,India,2010,Gross domestic expenditure on R&D: as a percentage of GDP,0.8
356,India,2010,Researchers per million inhabitants (FTE),156.2
356,India,2015,Gross domestic expenditure on R&D: as a percentage of GDP,0.7
356,India,2015,Researchers per million inhabitants (FTE),216.0
356,India,2018,Gross domestic expenditure on R&D: as a percentage of GDP,0.7
356,India,2018,Researchers per million inhabitants (FTE),252.7
360,Indonesia,2001,Researchers per million inhabitants (FTE),199.2
360,Indonesia,2009,Gross domestic expenditure on R&D: as a percentage of GDP,0.1
360,Indonesia,2009,Researchers per million inhabitants (FTE),89.5
360,Indonesia,2013,Gross domestic expenditure on R&D: as a percentage of GDP,0.1
360,Indonesia,2020,Gross domestic expenditure on R&D: as a percentage of GDP,0.3
360,Indonesia,2020,Researchers per million inhabitants (FTE),395.7
364,Iran,2005,Gross domestic expenditure on R&D: as a percentage of GDP,0.6
364,Iran,2010,Gross domestic expenditure on R&D: as a percentage of GDP,0.3
364,Iran,2010,Researchers per million inhabitants (FTE),743.1
364,Iran,2015,Gross domestic expenditure on R&D: as a percentage of GDP,0.4
364,Iran,2015,Researchers per million inhabitants (FTE),825.3
364,Iran,2019,Gross domestic expenditure on R&D: as a percentage of GDP,0.8
364,Iran,2019,Researchers per million inhabitants (FTE),1659.5
368,Iraq,2010,Gross domestic expenditure on R&D: as a percentage of GDP,0.0
368,Iraq,2010,Researchers per million inhabitants (FTE),432.0
368,Iraq,2015,Gross domestic expenditure on R&D: as a percentage of GDP,0.0
368,Iraq,2015,Researchers per million inhabitants (FTE),65.8
368,Iraq,2021,Gross domestic expenditure on R&D: as a percentage of GDP,0.0
368,Iraq,2021,Researchers per million inhabitants (FTE),169.9
372,Ireland,2005,Gross domestic expenditure on R&D: as a percentage of GDP,1.2
372,Ireland,2005,Researchers per million inhabitants (FTE),2798.0
372,Ireland,2010,Gross domestic expenditure on R&D: as a percentage of GDP,1.6
372,Ireland,2010,Researchers per million inhabitants (FTE),3112.6
372,Ireland,2015,Gross domestic expenditure on R&D: as a percentage of GDP,1.2
372,Ireland,2015,Researchers per million inhabitants (FTE),5270.7
372,Ireland,2020,Gross domestic expenditure on R&D: as a percentage of GDP,1.2
372,Ireland,2020,Researchers per million inhabitants (FTE),4769.1
376,Israel,2005,Gross domestic expenditure on R&D: as a percentage of GDP,3.9
376,Israel,2010,Gross domestic expenditure on R&D: as a percentage of GDP,3.9
376,Israel,2015,Gross domestic expenditure on R&D: as a percentage of GDP,4.2
376,Israel,2020,Gross domestic expenditure on R&D: as a percentage of GDP,5.4
380,Italy,2005,Gross domestic expenditure on R&D: as a percentage of GDP,1.0
380,Italy,2005,Researchers per million inhabitants (FTE),1415.4
380,Italy,2010,Gross domestic expenditure on R&D: as a percentage of GDP,1.2
380,Italy,2010,Researchers per million inhabitants (FTE),1743.3
380,Italy,2015,Gross domestic expenditure on R&D: as a percentage of GDP,1.3
380,Italy,2015,Researchers per million inhabitants (FTE),2077.9
380,Italy,2020,Gross domestic expenditure on R&D: as a percentage of GDP,1.5
380,Italy,2020,Researchers per million inhabitants (FTE),2671.8
392,Japan,2005,Gross domestic expenditure on R&D: as a percentage of GDP,3.1
392,Japan,2005,Researchers per million inhabitants (FTE),5303.9
392,Japan,2010,Gross domestic expenditure on R&D: as a percentage of GDP,3.1
392,Japan,2010,Researchers per million inhabitants (FTE),5103.6
392,Japan,2015,Gross domestic expenditure on R&D: as a percentage of GDP,3.2
392,Japan,2015,Researchers per million inhabitants (FTE),5173.0
392,Japan,2020,Gross domestic expenditure on R&D: as a percentage of GDP,3.3
392,Japan,2020,Researchers per million inhabitants (FTE),5454.7
400,Jordan,2008,Gross domestic expenditure on R&D: as a percentage of GDP,0.4
400,Jordan,2015,Researchers per million inhabitants (FTE),252.4
400,Jordan,2016,Gross domestic expenditure on R&D: as a percentage of GDP,0.7
400,Jordan,2016,Researchers per million inhabitants (FTE),592.4
400,Jordan,2017,Researchers per million inhabitants (FTE),596.0
398,Kazakhstan,2005,Gross domestic expenditure on R&D: as a percentage of GDP,0.3
398,Kazakhstan,2010,Gross domestic expenditure on R&D: as a percentage of GDP,0.2
398,Kazakhstan,2010,Researchers per million inhabitants (FTE),370.5
398,Kazakhstan,2015,Gross domestic expenditure on R&D: as a percentage of GDP,0.2
398,Kazakhstan,2015,Researchers per million inhabitants (FTE),777.1
398,Kazakhstan,2021,Gross domestic expenditure on R&D: as a percentage of GDP,0.1
398,Kazakhstan,2021,Researchers per million inhabitants (FTE),629.9
404,Kenya,2010,Gross domestic expenditure on R&D: as a percentage of GDP,0.7
404,Kenya,2010,Researchers per million inhabitants (FTE),221.4
414,Kuwait,2005,Gross domestic expenditure on R&D: as a percentage of GDP,0.1
414,Kuwait,2005,Researchers per million inhabitants (FTE),169.1
414,Kuwait,2010,Gross domestic expenditure on R&D: as a percentage of GDP,0.1
414,Kuwait,2010,Researchers per million inhabitants (FTE),136.0
414,Kuwait,2015,Gross domestic expenditure on R&D: as a percentage of GDP,0.1
414,Kuwait,2015,Researchers per million inhabitants (FTE),395.8
414,Kuwait,2020,Gross domestic expenditure on R&D: as a percentage of GDP,0.2
414,Kuwait,2020,Researchers per million inhabitants (FTE),173.5
417,Kyrgyzstan,2005,Gross domestic expenditure on R&D: as a percentage of GDP,0.2
417,Kyrgyzstan,2010,Gross domestic expenditure on R&D: as a percentage of GDP,0.2
417,Kyrgyzstan,2015,Gross domestic expenditure on R&D: as a percentage of GDP,0.1
417,Kyrgyzstan,2020,Gross domestic expenditure on R&D: as a percentage of GDP,0.1
418,Laos,2002,Researchers per million inhabitants (FTE),15.8
428,Latvia,2005,Gross domestic expenditure on R&D: as a percentage of GDP,0.5
428,Latvia,2005,Researchers per million inhabitants (FTE),1457.4
428,Latvia,2010,Gross domestic expenditure on R&D: as a percentage of GDP,0.6
428,Latvia,2010,Researchers per million inhabitants (FTE),1838.7
428,Latvia,2015,Gross domestic expenditure on R&D: as a percentage of GDP,0.6
428,Latvia,2015,Researchers per million inhabitants (FTE),1808.6
428,Latvia,2020,Gross domestic expenditure on R&D: as a percentage of GDP,0.7
428,Latvia,2020,Researchers per million inhabitants (FTE),2158.8
426,Lesotho,2004,Researchers per million inhabitants (FTE),10.0
426,Lesotho,2009,Gross domestic expenditure on R&D: as a percentage of GDP,0.0
426,Lesotho,2009,Researchers per million inhabitants (FTE),23.0
426,Lesotho,2015,Gross domestic expenditure on R&D: as a percentage of GDP,0.1
426,Lesotho,2015,Researchers per million inhabitants (FTE),24.1
440,Lithuania,2005,Gross domestic expenditure on R&D: as a percentage of GDP,0.7
440,Lithuania,2005,Researchers per million inhabitants (FTE),2283.6
440,Lithuania,2010,Gross domestic expenditure on R&D: as a percentage of GDP,0.8
440,Lithuania,2010,Researchers per million inhabitants (FTE),2752.7
440,Lithuania,2015,Gross domestic expenditure on R&D: as a percentage of GDP,1.0
440,Lithuania,2015,Researchers per million inhabitants (FTE),2785.6
440,Lithuania,2020,Gross domestic expenditure on R&D: as a percentage of GDP,1.1
440,Lithuania,2020,Researchers per million inhabitants (FTE),3728.5
442,Luxembourg,2005,Gross domestic expenditure on R&D: as a percentage of GDP,1.6
442,Luxembourg,2005,Researchers per million inhabitants (FTE),4864.1
442,Luxembourg,2010,Gross domestic expenditure on R&D: as a percentage of GDP,1.4
442,Luxembourg,2010,Researchers per million inhabitants (FTE),5145.0
442,Luxembourg,2015,Gross domestic expenditure on R&D: as a percentage of GDP,1.3
442,Luxembourg,2015,Researchers per million inhabitants (FTE),4604.9
442,Luxembourg,2020,Gross domestic expenditure on R&D: as a percentage of GDP,1.1
442,Luxembourg,2020,Researchers per million inhabitants (FTE),4920.3
450,Madagascar,2005,Gross domestic expenditure on R&D: as a percentage of GDP,0.2
450,Madagascar,2005,Researchers per million inhabitants (FTE),47.9
450,Madagascar,2010,Gross domestic expenditure on R&D: as a percentage of GDP,0.1
450,Madagascar,2010,Researchers per million inhabitants (FTE),52.0
450,Madagascar,2011,Gross domestic expenditure on R&D: as a percentage of GDP,0.1
450,Madagascar,2011,Researchers per million inhabitants (FTE),50.9
450,Madagascar,2014,Gross domestic expenditure on R&D: as a percentage of GDP,0.0
450,Madagascar,2017,Gross domestic expenditure on R&D: as a percentage of GDP,0.0
450,Madagascar,2017,Researchers per million inhabitants (FTE),30.6
450,Madagascar,2018,Researchers per million inhabitants (FTE),34.0
454,Malawi,2010,Researchers per million inhabitants (FTE),50.4
458,Malaysia,2004,Researchers per million inhabitants (FTE),502.9
458,Malaysia,2010,Gross domestic expenditure on R&D: as a percentage of GDP,1.0
458,Malaysia,2010,Researchers per million inhabitants (FTE),1462.5
458,Malaysia,2015,Gross domestic expenditure on R&D: as a percentage of GDP,1.3
458,Malaysia,2015,Researchers per million inhabitants (FTE),2308.0
458,Malaysia,2020,Gross domestic expenditure on R&D: as a percentage of GDP,1.0
458,Malaysia,2020,Researchers per million inhabitants (FTE),740.8
466,Mali,2010,Gross domestic expenditure on R&D: as a percentage of GDP,0.6
466,Mali,2010,Researchers per million inhabitants (FTE),29.4
466,Mali,2015,Gross domestic expenditure on R&D: as a percentage of GDP,0.3
466,Mali,2015,Researchers per million inhabitants (FTE),30.8
466,Mali,2021,Gross domestic expenditure on R&D: as a percentage of GDP,0.2
466,Mali,2021,Researchers per million inhabitants (FTE),30.3
470,Malta,2005,Gross domestic expenditure on R&D: as a percentage of GDP,0.5
470,Malta,2005,Researchers per million inhabitants (FTE),1183.7
470,Malta,2010,Gross domestic expenditure on R&D: as a percentage of GDP,0.6
470,Malta,2010,Researchers per million inhabitants (FTE),1417.0
470,Malta,2015,Gross domestic expenditure on R&D: as a percentage of GDP,0.7
470,Malta,2015,Researchers per million inhabitants (FTE),1891.3
470,Malta,2020,Gross domestic expenditure on R&D: as a percentage of GDP,0.7
470,Malta,2020,Researchers per million inhabitants (FTE),2296.5
478,Mauritania,2018,Gross domestic expenditure on R&D: as a percentage of GDP,0.0
480,Mauritius,2005,Gross domestic expenditure on R&D: as a percentage of GDP,0.4
480,Mauritius,2012,Gross domestic expenditure on R&D: as a percentage of GDP,0.2
480,Mauritius,2012,Researchers per million inhabitants (FTE),181.8
480,Mauritius,2021,Gross domestic expenditure on R&D: as a percentage of GDP,0.4
480,Mauritius,2021,Researchers per million inhabitants (FTE),568.0
484,Mexico,2005,Gross domestic expenditure on R&D: as a percentage of GDP,0.4
484,Mexico,2005,Researchers per million inhabitants (FTE),414.3
484,Mexico,2010,Gross domestic expenditure on R&D: as a percentage of GDP,0.5
484,Mexico,2010,Researchers per million inhabitants (FTE),337.4
484,Mexico,2015,Gross domestic expenditure on R&D: as a percentage of GDP,0.4
484,Mexico,2015,Researchers per million inhabitants (FTE),281.3
484,Mexico,2020,Gross domestic expenditure on R&D: as a percentage of GDP,0.3
484,Mexico,2020,Researchers per million inhabitants (FTE),348.8
492,Monaco,2005,Gross domestic expenditure on R&D: as a percentage of GDP,0.0
492,Monaco,2005,Researchers per million inhabitants (FTE),295.5
496,Mongolia,2005,Gross domestic expenditure on R&D: as a percentage of GDP,0.2
496,Mongolia,2010,Gross domestic expenditure on R&D: as a percentage of GDP,0.2
496,Mongolia,2015,Gross domestic expenditure on R&D: as a percentage of GDP,0.2
496,Mongolia,2020,Gross domestic expenditure on R&D: as a percentage of GDP,0.1
496,Mongolia,2020,Researchers per million inhabitants (FTE),331.0
499,Montenegro,2005,Gross domestic expenditure on R&D: as a percentage of GDP,0.9
499,Montenegro,2007,Gross domestic expenditure on R&D: as a percentage of GDP,1.1
499,Montenegro,2015,Gross domestic expenditure on R&D: as a percentage of GDP,0.4
499,Montenegro,2015,Researchers per million inhabitants (FTE),834.6
499,Montenegro,2019,Gross domestic expenditure on R&D: as a percentage of GDP,0.4
499,Montenegro,2019,Researchers per million inhabitants (FTE),746.8
504,Morocco,2010,Gross domestic expenditure on R&D: as a percentage of GDP,0.7
504,Morocco,2010,Researchers per million inhabitants (FTE),719.8
504,Morocco,2014,Researchers per million inhabitants (FTE),1024.4
504,Morocco,2016,Researchers per million inhabitants (FTE),1073.5
508,Mozambique,2010,Gross domestic expenditure on R&D: as a percentage of GDP,0.4
508,Mozambique,2010,Researchers per million inhabitants (FTE),38.8
508,Mozambique,2015,Gross domestic expenditure on R&D: as a percentage of GDP,0.3
508,Mozambique,2015,Researchers per million inhabitants (FTE),43.0
104,Myanmar,2002,Researchers per million inhabitants (FTE),17.5
104,Myanmar,2021,Gross domestic expenditure on R&D: as a percentage of GDP,0.1
104,Myanmar,2021,Researchers per million inhabitants (FTE),18.6
516,Namibia,2010,Gross domestic expenditure on R&D: as a percentage of GDP,0.1
516,Namibia,2014,Gross domestic expenditure on R&D: as a percentage of GDP,0.3
516,Namibia,2014,Researchers per million inhabitants (FTE),149.5
524,Nepal,2002,Researchers per million inhabitants (FTE),60.7
524,Nepal,2010,Gross domestic expenditure on R&D: as a percentage of GDP,0.3
528,Netherlands,2005,Gross domestic expenditure on R&D: as a percentage of GDP,1.8
528,Netherlands,2005,Researchers per million inhabitants (FTE),2923.8
528,Netherlands,2010,Gross domestic expenditure on R&D: as a percentage of GDP,1.7
528,Netherlands,2010,Researchers per million inhabitants (FTE),3219.0
528,Netherlands,2015,Gross domestic expenditure on R&D: as a percentage of GDP,2.1
528,Netherlands,2015,Researchers per million inhabitants (FTE),4928.9
528,Netherlands,2020,Gross domestic expenditure on R&D: as a percentage of GDP,2.3
528,Netherlands,2020,Researchers per million inhabitants (FTE),5911.7
554,New Zealand,2005,Gross domestic expenditure on R&D: as a percentage of GDP,1.1
554,New Zealand,2005,Researchers per million inhabitants (FTE),3140.2
554,New Zealand,2009,Gross domestic expenditure on R&D: as a percentage of GDP,1.3
554,New Zealand,2009,Researchers per million inhabitants (FTE),3724.0
554,New Zealand,2015,Gross domestic expenditure on R&D: as a percentage of GDP,1.2
554,New Zealand,2015,Researchers per million inhabitants (FTE),5417.7
554,New Zealand,2019,Gross domestic expenditure on R&D: as a percentage of GDP,1.4
554,New Zealand,2019,Researchers per million inhabitants (FTE),5854.0
558,Nicaragua,2015,Gross domestic expenditure on R&D: as a percentage of GDP,0.1
562,Niger,2005,Researchers per million inhabitants (FTE),7.4
562,Niger,2013,Researchers per million inhabitants (FTE),26.5
566,Nigeria,2007,Gross domestic expenditure on R&D: as a percentage of GDP,0.1
566,Nigeria,2007,Researchers per million inhabitants (FTE),38.8
807,North Macedonia,2005,Gross domestic expenditure on R&D: as a percentage of GDP,0.2
807,North Macedonia,2005,Researchers per million inhabitants (FTE),540.2
807,North Macedonia,2010,Gross domestic expenditure on R&D: as a percentage of GDP,0.2
807,North Macedonia,2010,Researchers per million inhabitants (FTE),532.1
807,North Macedonia,2015,Gross domestic expenditure on R&D: as a percentage of GDP,0.4
807,North Macedonia,2015,Researchers per million inhabitants (FTE),858.5
807,North Macedonia,2021,Gross domestic expenditure on R&D: as a percentage of GDP,0.4
807,North Macedonia,2021,Researchers per million inhabitants (FTE),752.8
578,Norway,2005,Gross domestic expenditure on R&D: as a percentage of GDP,1.5
578,Norway,2005,Researchers per million inhabitants (FTE),4576.6
578,Norway,2010,Gross domestic expenditure on R&D: as a percentage of GDP,1.7
578,Norway,2010,Researchers per million inhabitants (FTE),5413.8
578,Norway,2015,Gross domestic expenditure on R&D: as a percentage of GDP,1.9
578,Norway,2015,Researchers per million inhabitants (FTE),5891.0
578,Norway,2020,Gross domestic expenditure on R&D: as a percentage of GDP,2.3
578,Norway,2020,Researchers per million inhabitants (FTE),6698.8
512,Oman,2015,Gross domestic expenditure on R&D: as a percentage of GDP,0.2
512,Oman,2015,Researchers per million inhabitants (FTE),212.5
512,Oman,2021,Gross domestic expenditure on R&D: as a percentage of GDP,0.3
512,Oman,2021,Researchers per million inhabitants (FTE),284.4
586,Pakistan,2005,Gross domestic expenditure on R&D: as a percentage of GDP,0.4
586,Pakistan,2005,Researchers per million inhabitants (FTE),79.2
586,Pakistan,2009,Gross domestic expenditure on R&D: as a percentage of GDP,0.4
586,Pakistan,2009,Researchers per million inhabitants (FTE),157.3
586,Pakistan,2015,Gross domestic expenditure on R&D: as a percentage of GDP,0.2
586,Pakistan,2015,Researchers per million inhabitants (FTE),278.9
586,Pakistan,2021,Gross domestic expenditure on R&D: as a percentage of GDP,0.2
586,Pakistan,2021,Researchers per million inhabitants (FTE),422.8
591,Panama,2005,Gross domestic expenditure on R&D: as a percentage of GDP,0.2
591,Panama,2005,Researchers per million inhabitants (FTE),103.3
591,Panama,2009,Gross domestic expenditure on R&D: as a percentage of GDP,0.1
591,Panama,2009,Researchers per million inhabitants (FTE),110.1
591,Panama,2010,Gross domestic expenditure on R&D: as a percentage of GDP,0.1
591,Panama,2013,Gross domestic expenditure on R&D: as a percentage of GDP,0.1
591,Panama,2013,Researchers per million inhabitants (FTE),39.1
591,Panama,2015,Gross domestic expenditure on R&D: as a percentage of GDP,0.1
591,Panama,2021,Gross domestic expenditure on R&D: as a percentage of GDP,0.2
598,Papua New Guinea,2016,Gross domestic expenditure on R&D: as a percentage of GDP,0.0
598,Papua New Guinea,2016,Researchers per million inhabitants (FTE),35.5
600,Paraguay,2005,Gross domestic expenditure on R&D: as a percentage of GDP,0.1
600,Paraguay,2005,Researchers per million inhabitants (FTE),72.0
600,Paraguay,2008,Gross domestic expenditure on R&D: as a percentage of GDP,0.0
600,Paraguay,2008,Researchers per million inhabitants (FTE),76.6
600,Paraguay,2015,Gross domestic expenditure on R&D: as a percentage of GDP,0.1
600,Paraguay,2015,Researchers per million inhabitants (FTE),182.7
600,Paraguay,2020,Gross domestic expenditure on R&D: as a percentage of GDP,0.2
600,Paraguay,2020,Researchers per million inhabitants (FTE),129.8
604,Peru,2015,Gross domestic expenditure on R&D: as a percentage of GDP,0.1
604,Peru,2020,Gross domestic expenditure on R&D: as a percentage of GDP,0.2
608,Philippines,2005,Gross domestic expenditure on R&D: as a percentage of GDP,0.1
608,Philippines,2005,Researchers per million inhabitants (FTE),79.9
608,Philippines,2009,Gross domestic expenditure on R&D: as a percentage of GDP,0.1
608,Philippines,2009,Researchers per million inhabitants (FTE),81.2
608,Philippines,2015,Gross domestic expenditure on R&D: as a percentage of GDP,0.2
608,Philippines,2015,Researchers per million inhabitants (FTE),105.7
608,Philippines,2018,Gross domestic expenditure on R&D: as a percentage of GDP,0.3
608,Philippines,2018,Researchers per million inhabitants (FTE),173.6
616,Poland,2005,Gross domestic expenditure on R&D: as a percentage of GDP,0.6
616,Poland,2005,Researchers per million inhabitants (FTE),1620.1
616,Poland,2010,Gross domestic expenditure on R&D: as a percentage of GDP,0.7
616,Poland,2010,Researchers per million inhabitants (FTE),1683.1
616,Poland,2015,Gross domestic expenditure on R&D: as a percentage of GDP,1.0
616,Poland,2015,Researchers per million inhabitants (FTE),2171.6
616,Poland,2020,Gross domestic expenditure on R&D: as a percentage of GDP,1.4
616,Poland,2020,Researchers per million inhabitants (FTE),3288.2
620,Portugal,2005,Gross domestic expenditure on R&D: as a percentage of GDP,0.8
620,Portugal,2005,Researchers per million inhabitants (FTE),2010.4
620,Portugal,2010,Gross domestic expenditure on R&D: as a percentage of GDP,1.5
620,Portugal,2010,Researchers per million inhabitants (FTE),3918.8
620,Portugal,2015,Gross domestic expenditure on R&D: as a percentage of GDP,1.2
620,Portugal,2015,Researchers per million inhabitants (FTE),3729.8
620,Portugal,2020,Gross domestic expenditure on R&D: as a percentage of GDP,1.6
620,Portugal,2020,Researchers per million inhabitants (FTE),5214.8
630,Puerto Rico,2009,Gross domestic expenditure on R&D: as a percentage of GDP,0.5
630,Puerto Rico,2015,Gross domestic expenditure on R&D: as a percentage of GDP,0.4
630,Puerto Rico,2015,Researchers per million inhabitants (FTE),348.4
634,Qatar,2015,Gross domestic expenditure on R&D: as a percentage of GDP,0.5
634,Qatar,2015,Researchers per million inhabitants (FTE),584.0
634,Qatar,2021,Gross domestic expenditure on R&D: as a percentage of GDP,0.7
634,Qatar,2021,Researchers per million inhabitants (FTE),902.6
410,South Korea,2005,Gross domestic expenditure on R&D: as a percentage of GDP,2.5
410,South Korea,2005,Researchers per million inhabitants (FTE),3692.2
410,South Korea,2010,Gross domestic expenditure on R&D: as a percentage of GDP,3.3
410,South Korea,2010,Researchers per million inhabitants (FTE),5330.8
410,South Korea,2015,Gross domestic expenditure on R&D: as a percentage of GDP,4.0
410,South Korea,2015,Researchers per million inhabitants (FTE),7013.5
410,South Korea,2020,Gross domestic expenditure on R&D: as a percentage of GDP,4.8
410,South Korea,2020,Researchers per million inhabitants (FTE),8713.6
498,Moldova,2005,Gross domestic expenditure on R&D: as a percentage of GDP,0.4
498,Moldova,2005,Researchers per million inhabitants (FTE),719.5
498,Moldova,2010,Gross domestic expenditure on R&D: as a percentage of GDP,0.4
498,Moldova,2010,Researchers per million inhabitants (FTE),760.9
498,Moldova,2015,Gross domestic expenditure on R&D: as a percentage of GDP,0.3
498,Moldova,2015,Researchers per million inhabitants (FTE),953.4
498,Moldova,2021,Gross domestic expenditure on R&D: as a percentage of GDP,0.2
498,Moldova,2021,Researchers per million inhabitants (FTE),788.1
642,Romania,2005,Gross domestic expenditure on R&D: as a percentage of GDP,0.4
642,Romania,2005,Researchers per million inhabitants (FTE),1071.9
642,Romania,2010,Gross domestic expenditure on R&D: as a percentage of GDP,0.4
642,Romania,2010,Researchers per million inhabitants (FTE),966.2
642,Romania,2015,Gross domestic expenditure on R&D: as a percentage of GDP,0.5
642,Romania,2015,Researchers per million inhabitants (FTE),876.2
642,Romania,2020,Gross domestic expenditure on R&D: as a percentage of GDP,0.5
642,Romania,2020,Researchers per million inhabitants (FTE),952.9
643,Russia,2005,Gross domestic expenditure on R&D: as a percentage of GDP,1.1
643,Russia,2005,Researchers per million inhabitants (FTE),3233.6
643,Russia,2010,Gross domestic expenditure on R&D: as a percentage of GDP,1.1
643,Russia,2010,Researchers per million inhabitants (FTE),3081.1
643,Russia,2015,Gross domestic expenditure on R&D: as a percentage of GDP,1.1
643,Russia,2015,Researchers per million inhabitants (FTE),3098.1
643,Russia,2020,Gross domestic expenditure on R&D: as a percentage of GDP,1.1
643,Russia,2020,Researchers per million inhabitants (FTE),2721.7
646,Rwanda,2009,Researchers per million inhabitants (FTE),12.6
646,Rwanda,2013,Researchers per million inhabitants (FTE),15.5
646,Rwanda,2019,Gross domestic expenditure on R&D: as a percentage of GDP,0.8
646,Rwanda,2019,Researchers per million inhabitants (FTE),58.8
654,Saint Helena,2000,Researchers per million inhabitants (FTE),330.6
682,Saudi Arabia,2005,Gross domestic expenditure on R&D: as a percentage of GDP,0.0
682,Saudi Arabia,2010,Gross domestic expenditure on R&D: as a percentage of GDP,0.9
682,Saudi Arabia,2013,Gross domestic expenditure on R&D: as a percentage of GDP,0.8
682,Saudi Arabia,2021,Gross domestic expenditure on R&D: as a percentage of GDP,0.5
682,Saudi Arabia,2021,Researchers per million inhabitants (FTE),700.6
686,Senegal,2010,Gross domestic expenditure on R&D: as a percentage of GDP,0.4
686,Senegal,2010,Researchers per million inhabitants (FTE),369.1
686,Senegal,2015,Gross domestic expenditure on R&D: as a percentage of GDP,0.6
686,Senegal,2015,Researchers per million inhabitants (FTE),564.3
688,Serbia,2005,Gross domestic expenditure on R&D: as a percentage of GDP,0.4
688,Serbia,2010,Gross domestic expenditure on R&D: as a percentage of GDP,0.7
688,Serbia,2010,Researchers per million inhabitants (FTE),1514.8
688,Serbia,2015,Gross domestic expenditure on R&D: as a percentage of GDP,0.8
688,Serbia,2015,Researchers per million inhabitants (FTE),2071.2
688,Serbia,2021,Gross domestic expenditure on R&D: as a percentage of GDP,1.0
688,Serbia,2021,Researchers per million inhabitants (FTE),2230.9
690,Seychelles,2005,Gross domestic expenditure on R&D: as a percentage of GDP,0.3
690,Seychelles,2005,Researchers per million inhabitants (FTE),146.6
690,Seychelles,2016,Gross domestic expenditure on R&D: as a percentage of GDP,0.2
702,Singapore,2005,Gross domestic expenditure on R&D: as a percentage of GDP,2.1
702,Singapore,2005,Researchers per million inhabitants (FTE),5576.9
702,Singapore,2010,Gross domestic expenditure on R&D: as a percentage of GDP,1.9
702,Singapore,2010,Researchers per million inhabitants (FTE),6241.9
702,Singapore,2015,Gross domestic expenditure on R&D: as a percentage of GDP,2.2
702,Singapore,2015,Researchers per million inhabitants (FTE),7006.6
702,Singapore,2019,Gross domestic expenditure on R&D: as a percentage of GDP,1.9
702,Singapore,2019,Researchers per million inhabitants (FTE),7286.9
703,Slovakia,2005,Gross domestic expenditure on R&D: as a percentage of GDP,0.5
703,Slovakia,2005,Researchers per million inhabitants (FTE),2022.7
703,Slovakia,2010,Gross domestic expenditure on R&D: as a percentage of GDP,0.6
703,Slovakia,2010,Researchers per million inhabitants (FTE),2809.4
703,Slovakia,2015,Gross domestic expenditure on R&D: as a percentage of GDP,1.2
703,Slovakia,2015,Researchers per million inhabitants (FTE),2650.2
703,Slovakia,2020,Gross domestic expenditure on R&D: as a percentage of GDP,0.9
703,Slovakia,2020,Researchers per million inhabitants (FTE),3164.3
705,Slovenia,2005,Gross domestic expenditure on R&D: as a percentage of GDP,1.4
705,Slovenia,2005,Researchers per million inhabitants (FTE),2633.1
705,Slovenia,2010,Gross domestic expenditure on R&D: as a percentage of GDP,2.1
705,Slovenia,2010,Researchers per million inhabitants (FTE),3769.8
705,Slovenia,2015,Gross domestic expenditure on R&D: as a percentage of GDP,2.2
705,Slovenia,2015,Researchers per million inhabitants (FTE),3814.2
705,Slovenia,2020,Gross domestic expenditure on R&D: as a percentage of GDP,2.1
705,Slovenia,2020,Researchers per million inhabitants (FTE),4932.3
710,South Africa,2005,Gross domestic expenditure on R&D: as a percentage of GDP,0.8
710,South Africa,2005,Researchers per million inhabitants (FTE),361.4
710,South Africa,2010,Gross domestic expenditure on R&D: as a percentage of GDP,0.7
710,South Africa,2010,Researchers per million inhabitants (FTE),365.5
710,South Africa,2015,Gross domestic expenditure on R&D: as a percentage of GDP,0.7
710,South Africa,2015,Researchers per million inhabitants (FTE),472.3
710,South Africa,2019,Gross domestic expenditure on R&D: as a percentage of GDP,0.6
710,South Africa,2019,Researchers per million inhabitants (FTE),484.3
724,Spain,2005,Gross domestic expenditure on R&D: as a percentage of GDP,1.1
724,Spain,2005,Researchers per million inhabitants (FTE),2492.6
724,Spain,2010,Gross domestic expenditure on R&D: as a percentage of GDP,1.4
724,Spain,2010,Researchers per million inhabitants (FTE),2869.2
724,Spain,2015,Gross domestic expenditure on R&D: as a percentage of GDP,1.2
724,Spain,2015,Researchers per million inhabitants (FTE),2623.4
724,Spain,2020,Gross domestic expenditure on R&D: as a percentage of GDP,1.4
724,Spain,2020,Researchers per million inhabitants (FTE),3109.2
144,Sri Lanka,2004,Researchers per million inhabitants (FTE),138.2
144,Sri Lanka,2010,Gross domestic expenditure on R&D: as a percentage of GDP,0.1
144,Sri Lanka,2010,Researchers per million inhabitants (FTE),105.6
144,Sri Lanka,2015,Gross domestic expenditure on R&D: as a percentage of GDP,0.1
144,Sri Lanka,2015,Researchers per million inhabitants (FTE),106.0
144,Sri Lanka,2018,Gross domestic expenditure on R&D: as a percentage of GDP,0.1
144,Sri Lanka,2018,Researchers per million inhabitants (FTE),105.6
275,Palestine,2010,Gross domestic expenditure on R&D: as a percentage of GDP,0.4
275,Palestine,2010,Researchers per million inhabitants (FTE),323.5
275,Palestine,2013,Gross domestic expenditure on R&D: as a percentage of GDP,0.5
275,Palestine,2013,Researchers per million inhabitants (FTE),575.1
729,Sudan,2005,Gross domestic expenditure on R&D: as a percentage of GDP,0.2
752,Sweden,2005,Gross domestic expenditure on R&D: as a percentage of GDP,3.4
752,Sweden,2005,Researchers per million inhabitants (FTE),6085.1
752,Sweden,2010,Gross domestic expenditure on R&D: as a percentage of GDP,3.2
752,Sweden,2010,Researchers per million inhabitants (FTE),5251.5
752,Sweden,2015,Gross domestic expenditure on R&D: as a percentage of GDP,3.2
752,Sweden,2015,Researchers per million inhabitants (FTE),6834.0
752,Sweden,2020,Gross domestic expenditure on R&D: as a percentage of GDP,3.5
752,Sweden,2020,Researchers per million inhabitants (FTE),7930.2
756,Switzerland,2004,Researchers per million inhabitants (FTE),3468.2
756,Switzerland,2008,Gross domestic expenditure on R&D: as a percentage of GDP,2.7
756,Switzerland,2008,Researchers per million inhabitants (FTE),3298.2
756,Switzerland,2015,Gross domestic expenditure on R&D: as a percentage of GDP,3.1
756,Switzerland,2015,Researchers per million inhabitants (FTE),5271.9
756,Switzerland,2019,Gross domestic expenditure on R&D: as a percentage of GDP,3.2
756,Switzerland,2019,Researchers per million inhabitants (FTE),5552.0
760,Syria,2015,Gross domestic expenditure on R&D: as a percentage of GDP,0.0
760,Syria,2015,Researchers per million inhabitants (FTE),91.0
762,Tajikistan,2005,Gross domestic expenditure on R&D: as a percentage of GDP,0.1
762,Tajikistan,2010,Gross domestic expenditure on R&D: as a percentage of GDP,0.1
762,Tajikistan,2015,Gross domestic expenditure on R&D: as a percentage of GDP,0.1
762,Tajikistan,2020,Gross domestic expenditure on R&D: as a percentage of GDP,0.1
764,Thailand,2005,Gross domestic expenditure on R&D: as a percentage of GDP,0.2
764,Thailand,2005,Researchers per million inhabitants (FTE),313.5
764,Thailand,2009,Gross domestic expenditure on R&D: as a percentage of GDP,0.2
764,Thailand,2009,Researchers per million inhabitants (FTE),329.0
764,Thailand,2015,Gross domestic expenditure on R&D: as a percentage of GDP,0.6
764,Thailand,2015,Researchers per million inhabitants (FTE),864.7
764,Thailand,2020,Gross domestic expenditure on R&D: as a percentage of GDP,1.3
764,Thailand,2020,Researchers per million inhabitants (FTE),2069.9
768,Togo,2005,Researchers per million inhabitants (FTE),33.1
768,Togo,2010,Gross domestic expenditure on R&D: as a percentage of GDP,0.2
768,Togo,2010,Researchers per million inhabitants (FTE),34.3
768,Togo,2014,Gross domestic expenditure on R&D: as a percentage of GDP,0.3
768,Togo,2014,Researchers per million inhabitants (FTE),38.0
768,Togo,2015,Researchers per million inhabitants (FTE),36.1
768,Togo,2021,Researchers per million inhabitants (FTE),45.2
780,Trinidad and Tobago,2005,Gross domestic expenditure on R&D: as a percentage of GDP,0.1
780,Trinidad and Tobago,2010,Gross domestic expenditure on R&D: as a percentage of GDP,0.0
780,Trinidad and Tobago,2015,Gross domestic expenditure on R&D: as a percentage of GDP,0.1
780,Trinidad and Tobago,2020,Gross domestic expenditure on R&D: as a percentage of GDP,0.1
780,Trinidad and Tobago,2020,Researchers per million inhabitants (FTE),638.8
788,Tunisia,2005,Gross domestic expenditure on R&D: as a percentage of GDP,0.7
788,Tunisia,2010,Gross domestic expenditure on R&D: as a percentage of GDP,0.7
788,Tunisia,2010,Researchers per million inhabitants (FTE),1384.7
788,Tunisia,2015,Gross domestic expenditure on R&D: as a percentage of GDP,0.6
788,Tunisia,2015,Researchers per million inhabitants (FTE),1800.1
788,Tunisia,2019,Gross domestic expenditure on R&D: as a percentage of GDP,0.7
788,Tunisia,2019,Researchers per million inhabitants (FTE),1744.9
788,Tunisia,2021,Researchers per million inhabitants (FTE),1621.6
792,Turkey,2005,Gross domestic expenditure on R&D: as a percentage of GDP,0.6
792,Turkey,2005,Researchers per million inhabitants (FTE),576.4
792,Turkey,2010,Gross domestic expenditure on R&D: as a percentage of GDP,0.8
792,Turkey,2010,Researchers per million inhabitants (FTE),889.6
792,Turkey,2015,Gross domestic expenditure on R&D: as a percentage of GDP,0.9
792,Turkey,2015,Researchers per million inhabitants (FTE),1211.8
792,Turkey,2020,Gross domestic expenditure on R&D: as a percentage of GDP,1.1
792,Turkey,2020,Researchers per million inhabitants (FTE),1775.3
800,Uganda,2005,Gross domestic expenditure on R&D: as a percentage of GDP,0.2
800,Uganda,2010,Gross domestic expenditure on R&D: as a percentage of GDP,0.4
800,Uganda,2010,Researchers per million inhabitants (FTE),38.9
800,Uganda,2014,Gross domestic expenditure on R&D: as a percentage of GDP,0.1
800,Uganda,2014,Researchers per million inhabitants (FTE),27.8
804,Ukraine,2005,Gross domestic expenditure on R&D: as a percentage of GDP,1.0
804,Ukraine,2010,Gross domestic expenditure on R&D: as a percentage of GDP,0.8
804,Ukraine,2010,Researchers per million inhabitants (FTE),1328.0
804,Ukraine,2015,Gross domestic expenditure on R&D: as a percentage of GDP,0.6
804,Ukraine,2015,Researchers per million inhabitants (FTE),1006.0
804,Ukraine,2021,Gross domestic expenditure on R&D: as a percentage of GDP,0.3
804,Ukraine,2021,Researchers per million inhabitants (FTE),587.5
784,United Arab Emirates,2015,Gross domestic expenditure on R&D: as a percentage of GDP,0.9
784,United Arab Emirates,2015,Researchers per million inhabitants (FTE),1980.5
784,United Arab Emirates,2021,Gross domestic expenditure on R&D: as a percentage of GDP,1.5
784,United Arab Emirates,2021,Researchers per million inhabitants (FTE),2488.8
826,United Kingdom,2005,Gross domestic expenditure on R&D: as a percentage of GDP,1.5
826,United Kingdom,2005,Researchers per million inhabitants (FTE),4123.5
826,United Kingdom,2010,Gross domestic expenditure on R&D: as a percentage of GDP,1.6
826,United Kingdom,2010,Researchers per million inhabitants (FTE),4043.3
826,United Kingdom,2015,Gross domestic expenditure on R&D: as a percentage of GDP,1.6
826,United Kingdom,2015,Researchers per million inhabitants (FTE),4319.5
826,United Kingdom,2019,Gross domestic expenditure on R&D: as a percentage of GDP,1.7
826,United Kingdom,2019,Researchers per million inhabitants (FTE),4683.8
834,Tanzania,2010,Gross domestic expenditure on R&D: as a percentage of GDP,0.4
834,Tanzania,2010,Researchers per million inhabitants (FTE),36.1
834,Tanzania,2013,Gross domestic expenditure on R&D: as a percentage of GDP,0.5
834,Tanzania,2013,Researchers per million inhabitants (FTE),19.2
840,United States of America,2005,Gross domestic expenditure on R&D: as a percentage of GDP,2.5
840,United States of America,2005,Researchers per million inhabitants (FTE),3739.7
840,United States of America,2010,Gross domestic expenditure on R&D: as a percentage of GDP,2.7
840,United States of America,2010,Researchers per million inhabitants (FTE),3883.2
840,United States of America,2015,Gross domestic expenditure on R&D: as a percentage of GDP,2.8
840,United States of America,2015,Researchers per million inhabitants (FTE),4269.9
840,United States of America,2019,Gross domestic expenditure on R&D: as a percentage of GDP,3.2
840,United States of America,2019,Researchers per million inhabitants (FTE),4821.2
840,United States of America,2020,Gross domestic expenditure on R&D: as a percentage of GDP,3.4
850,US Virgin Islands,2005,Gross domestic expenditure on R&D: as a percentage of GDP,0.0
850,US Virgin Islands,2007,Gross domestic expenditure on R&D: as a percentage of GDP,0.0
858,Uruguay,2002,Researchers per million inhabitants (FTE),373.4
858,Uruguay,2005,Gross domestic expenditure on R&D: as a percentage of GDP,0.5
858,Uruguay,2010,Gross domestic expenditure on R&D: as a percentage of GDP,0.3
858,Uruguay,2010,Researchers per million inhabitants (FTE),629.3
858,Uruguay,2015,Gross domestic expenditure on R&D: as a percentage of GDP,0.4
858,Uruguay,2015,Researchers per million inhabitants (FTE),677.0
858,Uruguay,2020,Gross domestic expenditure on R&D: as a percentage of GDP,0.4
858,Uruguay,2020,Researchers per million inhabitants (FTE),795.7
858,Uruguay,2021,Researchers per million inhabitants (FTE),795.4
860,Uzbekistan,2005,Gross domestic expenditure on R&D: as a percentage of GDP,0.2
860,Uzbekistan,2005,Researchers per million inhabitants (FTE),632.8
860,Uzbekistan,2010,Gross domestic expenditure on R&D: as a percentage of GDP,0.2
860,Uzbekistan,2010,Researchers per million inhabitants (FTE),545.0
860,Uzbekistan,2015,Gross domestic expenditure on R&D: as a percentage of GDP,0.2
860,Uzbekistan,2015,Researchers per million inhabitants (FTE),497.4
860,Uzbekistan,2021,Gross domestic expenditure on R&D: as a percentage of GDP,0.1
860,Uzbekistan,2021,Researchers per million inhabitants (FTE),523.4
862,Venezuela,2005,Gross domestic expenditure on R&D: as a percentage of GDP,0.2
862,Venezuela,2005,Researchers per million inhabitants (FTE),122.9
862,Venezuela,2010,Gross domestic expenditure on R&D: as a percentage of GDP,0.2
862,Venezuela,2010,Researchers per million inhabitants (FTE),204.0
862,Venezuela,2014,Gross domestic expenditure on R&D: as a percentage of GDP,0.3
862,Venezuela,2014,Researchers per million inhabitants (FTE),272.7
862,Venezuela,2015,Researchers per million inhabitants (FTE),248.9
862,Venezuela,2020,Researchers per million inhabitants (FTE),291.1
704,Viet Nam,2002,Researchers per million inhabitants (FTE),114.4
704,Viet Nam,2015,Gross domestic expenditure on R&D: as a percentage of GDP,0.4
704,Viet Nam,2015,Researchers per million inhabitants (FTE),678.6
704,Viet Nam,2019,Gross domestic expenditure on R&D: as a percentage of GDP,0.4
704,Viet Nam,2019,Researchers per million inhabitants (FTE),756.7
894,Zambia,2005,Gross domestic expenditure on R&D: as a percentage of GDP,0.0
894,Zambia,2008,Gross domestic expenditure on R&D: as a percentage of GDP,0.3
894,Zambia,2008,Researchers per million inhabitants (FTE),41.7
716,Zimbabwe,2012,Researchers per million inhabitants (FTE),99.5
